Name,PartyName,Province,Nominated,Term,Term.start,Term.end,Exit,S23S1V01,S23S1V02Date,,,,,,,,12.19.1957,01.14.1958Bill,,,,,,,yay=1;nay=2;paired=3;yes+no=4;yes+paired=5;no+paired=6;yes+no+paired=7;notvote=ENPTY;Abstention=8;Problem=9999,"Motion that the Bill (An Act to amend the Act on Housing, 1954) be not read a third time, but referred to the Standing Committee on Banking and Commerce","Motion that the Bill (An Act to authorize lending to Beechwood Motor Power Company by the Government of New Brunswick) be not now read a third time, but referred to the Standing Committee on Banking and Commerce""McGuire, William Henry",Liberal Party of Canada,Ontario,"King, William Lyon Mackenzie",1926.12.20 - 1957.10.31 ,1926.12.20 , 1957.10.31 ,(Death),99,99"MacKinnon, James Angus",Liberal Party of Canada,Alberta,"St-Laurent, Louis Stephen",1949.05.09 - 1958.04.18 ,1949.05.09 , 1958.04.18 ,(Death),2,1"Hawkins, Charles G.",Liberal Party of Canada,Nova Scotia,"St-Laurent, Louis Stephen",1950.05.02 - 1958.08.14 ,1950.05.02 , 1958.08.14 ,(Death),9,9"Marcotte, Arthur",Conservative (1867-1942),Saskatchewan,"Bennett, Richard Bedford",1931.07.06 - 1958.08.18 ,1931.07.06 , 1958.08.18 ,(Death),9,9"Nicol, Jacob",Liberal Party of Canada,Quebec,"King, William Lyon Mackenzie",1944.07.14 - 1958.09.23 ,1944.07.14 , 1958.09.23 ,(Death),9,9"Howden, John Power",Liberal Party of Canada,Manitoba,"King, William Lyon Mackenzie",1945.04.18 - 1959.11.04 ,1945.04.18 , 1959.11.04 ,(Death),9,9"Petten, Ray",Liberal Party of Canada,Newfoundland and Labrador,"St-Laurent, Louis Stephen",1949.08.17 - 1961.02.16 ,1949.08.17 , 1961.02.16 ,(Death),9,9"Quinn, Felix Patrick",Conservative (1867-1942),Nova Scotia,"Bennett, Richard Bedford",1935.07.20 - 1961.03.28 ,1935.07.20 , 1961.03.28 ,(Death),9,9"Euler, William Daum",Liberal Party of Canada,Ontario,"King, William Lyon Mackenzie",1940.05.11 - 1961.07.15 ,1940.05.11 , 1961.07.15 ,(Death),9,1"Bradette, Joseph-Arthur",Liberal Party of Canada,Ontario,"St-Laurent, Louis Stephen",1953.06.12 - 1961.09.12 ,1953.06.12 , 1961.09.12 ,(Death),2,1"Lí©ger, Aurel D.",Liberal Party of Canada,New Brunswick,"St-Laurent, Louis Stephen",1953.06.12 - 1961.12.28 ,1953.06.12 , 1961.12.28 ,(Death),9,1"Golding, William Henry",Liberal Party of Canada,Ontario,"St-Laurent, Louis Stephen",1949.06.25 - 1961.12.31 ,1949.06.25 , 1961.12.31 ,(Death),2,1"Haig, John Thomas",Progressive Conservative Party,Manitoba,"Bennett, Richard Bedford",1935.08.14 - 1962.01.17 ,1935.08.14 , 1962.01.17 ,(Resignation),2,2"Barbour, George Hilton",Liberal Party of Canada,Prince Edward Island,"St-Laurent, Louis Stephen",1949.07.06 - 1962.02.06 ,1949.07.06 , 1962.02.06 ,(Death),9,1"Wilson, Cairine Reay",Liberal Party of Canada,Ontario,"King, William Lyon Mackenzie",1930.02.15 - 1962.03.03 ,1930.02.15 , 1962.03.03 ,(Death),1,9"Hardy, Arthur Charles",Liberal Party of Canada,Ontario,"King, William Lyon Mackenzie",1922.02.10 - 1962.03.13 ,1922.02.10 , 1962.03.13 ,(Death),9,9"McDonald, John Alexander",Liberal Party of Canada,Nova Scotia,"King, William Lyon Mackenzie",1945.04.18 - 1962.04.16 ,1945.04.18 , 1962.04.16 ,(Death),9,9"Wall, William Michael",Liberal Party of Canada,Manitoba,"St-Laurent, Louis Stephen",1955.07.28 - 1962.07.07 ,1955.07.28 , 1962.07.07 ,(Death),9,1"Brunt, William Ralph",Progressive Conservative Party,Ontario,"Diefenbaker, John George",1957.10.12 - 1962.07.07 ,1957.10.12 , 1962.07.07 ,(Death),2,2"Bois, Henri Charles",Liberal Party of Canada,Quebec,"St-Laurent, Louis Stephen",1957.01.03 - 1962.07.18 ,1957.01.03 , 1962.07.18 ,(Death),9,1"Farquhar, Thomas",Liberal Party of Canada,Ontario,"King, William Lyon Mackenzie",1948.09.10 - 1962.09.27 ,1948.09.10 , 1962.09.27 ,(Resignation),2,1"Fraser, William Alexander",Liberal Party of Canada,Ontario,"St-Laurent, Louis Stephen",1949.06.25 - 1962.10.26 ,1949.06.25 , 1962.10.26 ,(Death),9,9"Bouchard, Tí©lí©sophore-Damien",Liberal Party of Canada,Quebec,"King, William Lyon Mackenzie",1944.03.03 - 1962.11.13 ,1944.03.03 , 1962.11.13 ,(Death),9,1"Raymond, Donat",Liberal Party of Canada,Quebec,"King, William Lyon Mackenzie",1926.12.20 - 1963.06.05 ,1926.12.20 , 1963.06.05 ,(Death),9,9"Emerson, Clarence Vernon",Progressive Conservative Party,New Brunswick,"Diefenbaker, John George",1957.10.12 - 1963.09.25 ,1957.10.12 , 1963.09.25 ,(Death),9,9"Drouin, Mark Robert",Progressive Conservative Party,Quebec,"Diefenbaker, John George",1957.10.04 - 1963.10.12 ,1957.10.04 , 1963.10.12 ,(Death),9,9"Pratt, Calvert Coates",Liberal Party of Canada,Newfoundland and Labrador,"St-Laurent, Louis Stephen",1951.01.24 - 1963.11.13 ,1951.01.24 , 1963.11.13 ,(Death),9,9"Campbell, Gordon Peter",Liberal Party of Canada,Ontario,"King, William Lyon Mackenzie",1943.02.19 - 1964.01.16 ,1943.02.19 , 1964.01.16 ,(Death),9,1"Turgeon, James Gray",Liberal Party of Canada,British Columbia,"King, William Lyon Mackenzie",1947.01.27 - 1964.02.14 ,1947.01.27 , 1964.02.14 ,(Death),9,1"Howard, Charles Benjamin",Liberal Party of Canada,Quebec,"King, William Lyon Mackenzie",1940.02.09 - 1964.03.25 ,1940.02.09 , 1964.03.25 ,(Death),9,1"Blais, Aristide",Liberal Party of Canada,Alberta,"King, William Lyon Mackenzie",1940.01.29 - 1964.11.10 ,1940.01.29 , 1964.11.10 ,(Death),2,1"Horner, Ralph Byron",Progressive Conservative Party,Saskatchewan,"Bennett, Richard Bedford",1933.12.30 - 1964.12.14 ,1933.12.30 , 1964.12.14 ,(Death),2,2"Taylor, Austin Claude",Liberal Party of Canada,New Brunswick,"St-Laurent, Louis Stephen",1957.01.03 - 1965.01.17 ,1957.01.03 , 1965.01.17 ,(Death),9,1"Stambaugh, Wesley",Liberal Party of Canada,Alberta,"St-Laurent, Louis Stephen",1949.09.07 - 1965.06.08 ,1949.09.07 , 1965.06.08 ,(Resignation),1,1"Hodges, Nancy",Liberal Party of Canada,British Columbia,"St-Laurent, Louis Stephen",1953.11.05 - 1965.06.12 ,1953.11.05 , 1965.06.12 ,(Resignation),9,1"Grant, Thomas Vincent",Liberal Party of Canada,Prince Edward Island,"St-Laurent, Louis Stephen",1949.06.25 - 1965.08.19 ,1949.06.25 , 1965.08.19 ,(Resignation),9,9"Tremblay, Lí©onard-David Sweezey",Liberal Party of Canada,Quebec,"St-Laurent, Louis Stephen",1953.06.12 - 1965.09.02 ,1953.06.12 , 1965.09.02 ,(Resignation),2,1"Lambert, Norman Platt",Liberal Party of Canada,Ontario,"King, William Lyon Mackenzie",1938.01.20 - 1965.11.04 ,1938.01.20 , 1965.11.04 ,(Death),1,1"Wood, Thomas Harold",Liberal Party of Canada,Saskatchewan,"St-Laurent, Louis Stephen",1949.01.25 - 1965.11.26 ,1949.01.25 , 1965.11.26 ,(Death),9,9"Robertson, Wishart McLea",Liberal Party of Canada,Nova Scotia,"King, William Lyon Mackenzie",1943.02.19 - 1965.12.24 ,1943.02.19 , 1965.12.24 ,(Resignation),2,1"Comeau, Joseph Willie",Liberal Party of Canada,Nova Scotia,"St-Laurent, Louis Stephen",1948.12.01 - 1966.01.10 ,1948.12.01 , 1966.01.10 ,(Resignation),9,1"Bouffard, Paul Henri",Liberal Party of Canada,Quebec,"King, William Lyon Mackenzie",1946.12.27 - 1966.02.16 ,1946.12.27 , 1966.02.16 ,(Death),2,1"Woodrow, Allan Lee",Liberal Party of Canada,Ontario,"St-Laurent, Louis Stephen",1953.05.19 - 1966.03.15 ,1953.05.19 , 1966.03.15 ,(Resignation),9,1"Bradley, Frederick Gordon",Liberal Party of Canada,Newfoundland and Labrador,"St-Laurent, Louis Stephen",1953.06.12 - 1966.03.30 ,1953.06.12 , 1966.03.30 ,(Death),9,9"Crerar, Thomas Alexander",Liberal Party of Canada,Manitoba,"King, William Lyon Mackenzie",1945.04.18 - 1966.05.31 ,1945.04.18 , 1966.05.31 ,(Resignation),9,9"Taylor, William Horace",Liberal Party of Canada,Ontario,"King, William Lyon Mackenzie",1945.04.18 - 1966.06.01 ,1945.04.18 , 1966.06.01 ,(Resignation),2,1"Veniot, Clarence Joseph",Liberal Party of Canada,New Brunswick,"King, William Lyon Mackenzie",1945.04.18 - 1966.06.01 ,1945.04.18 , 1966.06.01 ,(Resignation),9,9"Jodoin, Marianna Beauchamp",Liberal Party of Canada,Quebec,"St-Laurent, Louis Stephen",1953.05.19 - 1966.06.01 ,1953.05.19 , 1966.06.01 ,(Resignation),9,9"Bishop, Charles Lawrence",Liberal Party of Canada,Ontario,"King, William Lyon Mackenzie",1945.04.18 - 1966.09.23 ,1945.04.18 , 1966.09.23 ,(Resignation),9,9"McKeen, Stanley Stewart",Liberal Party of Canada,British Columbia,"King, William Lyon Mackenzie",1947.01.27 - 1966.12.01 ,1947.01.27 , 1966.12.01 ,(Death),9,1"Hugessen, Adrian Norton Knatchbull",Liberal Party of Canada,Quebec,"King, William Lyon Mackenzie",1937.01.12 - 1967.01.01 ,1937.01.12 , 1967.01.01 ,(Resignation),9,9"Davies, William Rupert",Liberal Party of Canada,Ontario,"King, William Lyon Mackenzie",1942.11.19 - 1967.03.11 ,1942.11.19 , 1967.03.11 ,(Death),9,9"McLean, Alexander Neil",Liberal Party of Canada,New Brunswick,"King, William Lyon Mackenzie",1945.04.18 - 1967.03.12 ,1945.04.18 , 1967.03.12 ,(Death),9,2"Dupuis, Vincent",Liberal Party of Canada,Quebec,"King, William Lyon Mackenzie",1945.04.18 - 1967.05.11 ,1945.04.18 , 1967.05.11 ,(Death),2,1"Reid, Thomas",Liberal Party of Canada,British Columbia,"St-Laurent, Louis Stephen",1949.09.07 - 1967.10.14 ,1949.09.07 , 1967.10.14 ,(Resignation),9,1"Baird, Alexander Boyd",Liberal Party of Canada,Newfoundland and Labrador,"St-Laurent, Louis Stephen",1949.08.17 - 1967.11.23 ,1949.08.17 , 1967.11.23 ,(Death),9,1"Macdonald, William Ross",Liberal Party of Canada,Ontario,"St-Laurent, Louis Stephen",1953.06.12 - 1967.12.22 ,1953.06.12 , 1967.12.22 ,(Resignation),2,9"Gershaw, Frederick William",Liberal Party of Canada,Alberta,"King, William Lyon Mackenzie",1945.04.18 - 1968.03.26 ,1945.04.18 , 1968.03.26 ,(Resignation),9,9"Vien, Thomas",Liberal Party of Canada,Quebec,"King, William Lyon Mackenzie",1942.10.05 - 1968.04.01 ,1942.10.05 , 1968.04.01 ,(Resignation),1,9"Power, Charles Gavan",Liberal Party of Canada,Quebec,"St-Laurent, Louis Stephen",1955.07.28 - 1968.05.30 ,1955.07.28 , 1968.05.30 ,(Death),1,9"Pouliot, Jean-Franí_ois",Liberal Party of Canada,Quebec,"St-Laurent, Louis Stephen",1955.07.28 - 1968.06.28 ,1955.07.28 , 1968.06.28 ,(Resignation),1,1"Smith, Sydney John",Liberal Party of Canada,British Columbia,"St-Laurent, Louis Stephen",1957.01.03 - 1968.12.31 ,1957.01.03 , 1968.12.31 ,(Resignation),9,1"Vaillancourt, Cyrille",Liberal Party of Canada,Quebec,"King, William Lyon Mackenzie",1944.03.03 - 1969.01.03 ,1944.03.03 , 1969.01.03 ,(Resignation),9,1"Beaubien, Arthur-Lucien",Liberal Party of Canada,Manitoba,"King, William Lyon Mackenzie",1940.01.29 - 1969.02.01 ,1940.01.29 , 1969.02.01 ,(Resignation),9,9"Thorvaldson, Gunnar Solmundur",Progressive Conservative Party,Manitoba,"Diefenbaker, John George",1958.01.29 - 1969.08.02 ,1958.01.29 , 1969.08.02 ,(Death),99,99"Monette, Gustave",Progressive Conservative Party,Quebec,"Diefenbaker, John George",1957.10.12 - 1969.12.23 ,1957.10.12 , 1969.12.23 ,(Death),2,9"Farris, John Wallace de Beque",Liberal Party of Canada,British Columbia,"King, William Lyon Mackenzie",1937.01.09 - 1970.02.25 ,1937.01.09 , 1970.02.25 ,(Death),9,1"Leonard, Thomas D'Arcy",Liberal Party of Canada,Ontario,"St-Laurent, Louis Stephen",1955.07.28 - 1970.04.29 ,1955.07.28 , 1970.04.29 ,(Resignation),9,1"Dessureault, Jean-Marie",Liberal Party of Canada,Quebec,"King, William Lyon Mackenzie",1945.06.09 - 1970.08.16 ,1945.06.09 , 1970.08.16 ,(Death),9,9"Savoie, Calixte F.",Independent Liberal,New Brunswick,"St-Laurent, Louis Stephen",1955.07.28 - 1970.08.23 ,1955.07.28 , 1970.08.23 ,(Resignation),9,9"Aseltine, Walter Morley",Progressive Conservative Party,Saskatchewan,"Bennett, Richard Bedford",1933.12.30 - 1971.03.31 ,1933.12.30 , 1971.03.31 ,(Resignation),9,9"Pearson, Arthur Maurice",Progressive Conservative Party,Saskatchewan,"Diefenbaker, John George",1957.10.12 - 1971.03.31 ,1957.10.12 , 1971.03.31 ,(Resignation),2,2"Gladstone, James",Independent Conservative,Alberta,"Diefenbaker, John George",1958.01.31 - 1971.03.31 ,1958.01.31 , 1971.03.31 ,(Resignation),99,99"MacDonald, John Joseph",Progressive Conservative Party,Prince Edward Island,"Diefenbaker, John George",1958.01.27 - 1971.04.20 ,1958.01.27 , 1971.04.20 ,(Resignation),99,99"Kinley, John James",Liberal Party of Canada,Nova Scotia,"King, William Lyon Mackenzie",1945.04.18 - 1971.06.12 ,1945.04.18 , 1971.06.12 ,(Resignation),9,1"Roebuck, Arthur Wentworth",Liberal Party of Canada,Ontario,"King, William Lyon Mackenzie",1945.04.18 - 1971.11.17 ,1945.04.18 , 1971.11.17 ,(Death),2,1"Mí©thot, Lí©on",Progressive Conservative Party,Quebec,"Diefenbaker, John George",1957.10.12 - 1972.08.06 ,1957.10.12 , 1972.08.06 ,(Death),2,9"White, George Stanley",Progressive Conservative Party,Ontario,"Diefenbaker, John George",1957.09.20 - 1972.11.17 ,1957.09.20 , 1972.11.17 ,(Resignation),2,9"Isnor, Gordon Benjamin",Liberal Party of Canada,Nova Scotia,"St-Laurent, Louis Stephen",1950.05.02 - 1973.03.17 ,1950.05.02 , 1973.03.17 ,(Death),9,1"Fergusson, Muriel McQueen",Liberal Party of Canada,New Brunswick,"St-Laurent, Louis Stephen",1953.05.19 - 1975.05.23 ,1953.05.19 , 1975.05.23 ,(Resignation),2,1"Gouin, Lí©on Mercier",Liberal Party of Canada,Quebec,"King, William Lyon Mackenzie",1940.11.07 - 1976.03.18 ,1940.11.07 , 1976.03.18 ,(Resignation),9,2"Boucher, William Albert",Liberal Party of Canada,Saskatchewan,"St-Laurent, Louis Stephen",1957.01.03 - 1976.06.23 ,1957.01.03 , 1976.06.23 ,(Death),9,9"Lefraní_ois, J.-EugíÂne",Liberal Party of Canada,Quebec,"St-Laurent, Louis Stephen",1957.04.25 - 1976.11.05 ,1957.04.25 , 1976.11.05 ,(Resignation),2,1"Basha, Michael G.",Liberal Party of Canada,Newfoundland and Labrador,"St-Laurent, Louis Stephen",1951.01.24 - 1976.11.18 ,1951.01.24 , 1976.11.18 ,(Resignation),9,1"Burchill, George Percival",Liberal Party of Canada,New Brunswick,"King, William Lyon Mackenzie",1945.04.19 - 1977.08.19 ,1945.04.19 , 1977.08.19 ,(Resignation),9,1"Connolly, Harold Joseph",Liberal Party of Canada,Nova Scotia,"St-Laurent, Louis Stephen",1955.07.28 - 1979.05.14 ,1955.07.28 , 1979.05.14 ,(Resignation),9,9"Smith, Donald",Liberal Party of Canada,Nova Scotia,"St-Laurent, Louis Stephen",1955.07.28 - 1980.07.07 ,1955.07.28 , 1980.07.07 ,(Resignation),9,9"Fournier, Sarto",Liberal Party of Canada,Quebec,"St-Laurent, Louis Stephen",1953.06.12 - 1980.07.23 ,1953.06.12 , 1980.07.23 ,(Death),9,9"Choquette, Lionel Henri",Progressive Conservative Party,Ontario,"Diefenbaker, John George",1958.01.31 - 1981.03.06 ,1958.01.31 , 1981.03.06 ,(Resignation),99,99"Paterson, Norman McLeod",Liberal Party of Canada,Ontario,"King, William Lyon Mackenzie",1940.02.09 - 1981.06.18 ,1940.02.09 , 1981.06.18 ,(Resignation),9,9"Connolly, John Joseph",Liberal Party of Canada,Ontario,"St-Laurent, Louis Stephen",1953.06.12 - 1981.10.31 ,1953.06.12 , 1981.10.31 ,(Resignation),1,9"Hayden, Salter Adrian",Liberal Party of Canada,Ontario,"King, William Lyon Mackenzie",1940.02.09 - 1983.11.01 ,1940.02.09 , 1983.11.01 ,(Resignation),9,1"Sullivan, Joseph Albert",Progressive Conservative Party,Ontario,"Diefenbaker, John George",1957.10.12 - 1985.02.18 ,1957.10.12 , 1985.02.18 ,(Resignation),9,9"Inman, Florence Elsie",Liberal Party of Canada,Prince Edward Island,"St-Laurent, Louis Stephen",1955.07.28 - 1986.05.31 ,1955.07.28 , 1986.05.31 ,(Death),9,9"Cameron, Donald",Independent Liberal,Alberta,"St-Laurent, Louis Stephen",1955.07.28 - 1987.09.19 ,1955.07.28 , 1987.09.19 ,(Resignation),9,1"McGrand, Frederic Addison",Liberal Party of Canada,New Brunswick,"St-Laurent, Louis Stephen",1955.07.28 - 1988.01.22 ,1955.07.28 , 1988.01.22 ,(Resignation),9,9"Croll, David Arnold",Liberal Party of Canada,Ontario,"St-Laurent, Louis Stephen",1955.07.28 - 1991.06.11 ,1955.07.28 , 1991.06.11 ,(Death),9,9"Molson, Hartland de Montarville",Independent,Quebec,"St-Laurent, Louis Stephen",1955.07.28 - 1993.05.31 ,1955.07.28 , 1993.05.31 ,(Resignation),9,9